cohort,regime,model,panel,ranked,is_control,croma_median_m5,chance,nipd,normalized_change_at_max_v,baseline_balanced_accuracy
camelyon,id,Virchow2,tile,True,False,0.1985267244,0.5,-0.0406212774,-0.2335257644,0.9871875
camelyon,ood,Virchow2,tile,True,False,0.1985267244,0.5,-0.0058992691,-0.0272315348,0.9949050135
camelyon,id,Virchow,tile,True,False,0.1551570738,0.5,-0.0283053808,-0.2281899494,0.9821458333
camelyon,ood,Virchow,tile,True,False,0.1551570738,0.5,0.0001748194,-0.0452768526,0.9841009346
camelyon,id,UNI2-h,tile,True,False,0.0448954285,0.5,-0.0835258646,-0.4462700013,0.9856458333
camelyon,ood,UNI2-h,tile,True,False,0.0448954285,0.5,-0.01166491,-0.2026629228,0.9850388978
camelyon,id,UNI,tile,True,False,-0.0336057524,0.5,-0.1759382593,-0.8840110507,0.982625
camelyon,ood,UNI,tile,True,False,-0.0336057524,0.5,-0.0371392163,-0.3360460058,0.9851933911
camelyon,id,CONCHv1.5,tile,True,False,0.1870136811,0.5,-0.0324559956,-0.2503331261,0.9690416667
camelyon,ood,CONCHv1.5,tile,True,False,0.1870136811,0.5,-0.0122847651,-0.1251503049,0.9793639126
camelyon,id,CONCH,tile,True,False,0.196336039,0.5,-0.0427315084,-0.3666696129,0.9714166667
camelyon,ood,CONCH,tile,True,False,0.196336039,0.5,-0.0176554345,-0.2322114956,0.9829370949
camelyon,id,H-optimus-1,tile,True,False,0.0699135561,0.5,-0.079029734,-0.4866979656,0.9925625
camelyon,ood,H-optimus-1,tile,True,False,0.0699135561,0.5,-0.0152873045,-0.1300131255,0.995170262
camelyon,id,H-optimus-0,tile,True,False,0.0519765836,0.5,-0.1113489512,-0.5884244373,0.9859375
camelyon,ood,H-optimus-0,tile,True,False,0.0519765836,0.5,-0.0058476281,-0.0209265412,0.9868769493
camelyon,id,H0-mini,tile,True,False,0.166648027,0.5,-0.0359250626,-0.2956084013,0.9800833333
camelyon,ood,H0-mini,tile,True,False,0.166648027,0.5,-0.0072735604,-0.1167386094,0.9864825322
camelyon,id,Prov-GigaPath,tile,True,False,0.0079325775,0.5,-0.1334528322,-0.7678299133,0.9781875
camelyon,ood,Prov-GigaPath,tile,True,False,0.0079325775,0.5,-0.0526707813,-0.3623145458,0.9784812148
camelyon,id,Midnight-12k,tile,True,False,0.108118121,0.5,-0.0748760526,-0.4359522149,0.9778333333
camelyon,ood,Midnight-12k,tile,True,False,0.108118121,0.5,0.0022410538,-0.042180986,0.9752078624
camelyon,id,Prost40M,tile,True,False,-0.3182588639,0.5,-0.145073387,-0.9095521514,0.9270416667
camelyon,ood,Prost40M,tile,True,False,-0.3182588639,0.5,-0.0470628694,-0.5382033144,0.8942678533
camelyon,id,Phikon,tile,True,False,-0.1958589758,0.5,-0.1472749045,-0.8585863163,0.9597916667
camelyon,ood,Phikon,tile,True,False,-0.1958589758,0.5,-0.0564696779,-0.3271339752,0.9554496325
camelyon,id,Phikon-v2,tile,True,False,-0.2083667588,0.5,-0.198669918,-0.9712258923,0.9698958333
camelyon,ood,Phikon-v2,tile,True,False,-0.2083667588,0.5,-0.1711301031,-0.7437254253,0.961945089
camelyon,id,Hibou-L,tile,True,False,-0.4426145889,0.5,-0.1833264044,-0.9494361586,0.9581666667
camelyon,ood,Hibou-L,tile,True,False,-0.4426145889,0.5,-0.0113339672,-0.3694779706,0.9435671941
camelyon,id,Hibou-B,tile,True,False,-0.088880231,0.5,-0.1933071167,-0.8954671188,0.9669583333
camelyon,ood,Hibou-B,tile,True,False,-0.088880231,0.5,-0.0905031391,-0.3537240029,0.9641524823
camelyon,id,mSTAR,tile,True,False,-0.0390194915,0.5,-0.1711562921,-0.8683118679,0.9820416667
camelyon,ood,mSTAR,tile,True,False,-0.0390194915,0.5,-0.0246568631,-0.2533017964,0.9830239475
camelyon,id,GPFM,tile,True,False,-0.0539679953,0.5,-0.1658506581,-0.8155696915,0.9814375
camelyon,ood,GPFM,tile,True,False,-0.0539679953,0.5,-0.0609083131,-0.4322025601,0.9773056732
camelyon,id,MUSK,tile,True,False,0.0422597139,0.5,-0.087189685,-0.5480916031,0.9639583333
camelyon,ood,MUSK,tile,True,False,0.0422597139,0.5,-0.046830294,-0.3217326988,0.9761487198
camelyon,id,GenBio-PathFM,tile,True,False,0.1914288086,0.5,-0.0438402932,-0.3042433604,0.9855625
camelyon,ood,GenBio-PathFM,tile,True,False,0.1914288086,0.5,-0.0118206445,-0.1149742892,0.9939236865
camelyon,id,RudolfV-2,tile,True,False,0.2432525732,0.5,-0.0199090082,-0.1162632696,0.990625
camelyon,ood,RudolfV-2,tile,True,False,0.2432525732,0.5,0.0011934236,-0.0018192602,0.9960443021
camelyon,id,RudolfV-2-B,tile,True,False,0.2353027311,0.5,-0.0195124184,-0.1270824434,0.9877083333
camelyon,ood,RudolfV-2-B,tile,True,False,0.2353027311,0.5,-0.0003339835,-0.0018871406,0.9962486963
camelyon,id,RudolfV-2-S,tile,True,False,0.3240403856,0.5,-0.0076647727,-0.074441155,0.9855625
camelyon,ood,RudolfV-2-S,tile,True,False,0.3240403856,0.5,0.000522204,-0.0149082285,0.9955826435
camelyon,id,Mascaret,tile,True,False,0.2852974308,0.5,-0.0074083139,-0.0865840801,0.97425
camelyon,ood,Mascaret,tile,True,False,0.2852974308,0.5,-0.0028282799,-0.0380636106,0.9880645419
camelyon,id,Phaet,tile,True,False,0.1114165613,0.5,-0.0641868632,-0.3784763673,0.9711875
camelyon,ood,Phaet,tile,True,False,0.1114165613,0.5,-0.0201704818,-0.2069790905,0.9767498515
camelyon,id,DINOv2-B,tile,False,True,0.0282161049,0.5,-0.1312267632,-0.7883895131,0.933875
camelyon,ood,DINOv2-B,tile,False,True,0.0282161049,0.5,-0.1299391767,-0.7263699498,0.9511689047
tcga-4x4,id,Virchow2,tile,True,False,0.1277334879,0.25,-0.0070681025,-0.0333905159,0.8167361111
tcga-4x4,ood,Virchow2,tile,True,False,0.1277334879,0.25,-0.0030169962,-0.0471388368,0.783
tcga-4x4,id,Virchow,tile,True,False,0.0919446076,0.25,-0.0240457166,-0.1234478203,0.7756944444
tcga-4x4,ood,Virchow,tile,True,False,0.0919446076,0.25,-0.0078884928,-0.1183323376,0.7382083333
tcga-4x4,id,UNI2-h,tile,True,False,0.0746757593,0.25,-0.0369455889,-0.1198648408,0.8357291667
tcga-4x4,ood,UNI2-h,tile,True,False,0.0746757593,0.25,-0.0329531816,-0.1257671939,0.8440208333
tcga-4x4,id,UNI,tile,True,False,0.0474374243,0.25,-0.040660552,-0.1085177903,0.7974652778
tcga-4x4,ood,UNI,tile,True,False,0.0474374243,0.25,-0.0457006717,-0.1409615923,0.7712708333
tcga-4x4,id,CONCHv1.5,tile,True,False,0.1529999684,0.25,0.0033760544,-0.0083064144,0.7767013889
tcga-4x4,ood,CONCHv1.5,tile,True,False,0.1529999684,0.25,0.027169327,0.0034345319,0.7413333333
tcga-4x4,id,CONCH,tile,True,False,0.1464486246,0.25,-0.0167449489,-0.0509633313,0.7528125
tcga-4x4,ood,CONCH,tile,True,False,0.1464486246,0.25,-0.0162642386,-0.0604360807,0.7105416667
tcga-4x4,id,H-optimus-1,tile,True,False,0.0961743825,0.25,-0.0289111615,-0.101110297,0.8660763889
tcga-4x4,ood,H-optimus-1,tile,True,False,0.0961743825,0.25,-0.0010918349,-0.0388564597,0.8424583333
tcga-4x4,id,H-optimus-0,tile,True,False,0.0609100491,0.25,-0.0373823021,-0.1265699897,0.8222569444
tcga-4x4,ood,H-optimus-0,tile,True,False,0.0609100491,0.25,-0.0096155487,-0.0878242757,0.8001041667
tcga-4x4,id,H0-mini,tile,True,False,0.1211738034,0.25,-0.0276167614,-0.1044980119,0.8088888889
tcga-4x4,ood,H0-mini,tile,True,False,0.1211738034,0.25,-0.0056204553,-0.112325591,0.7531875
tcga-4x4,id,Prov-GigaPath,tile,True,False,0.0472390331,0.25,-0.0641356495,-0.2166323113,0.7890277778
tcga-4x4,ood,Prov-GigaPath,tile,True,False,0.0472390331,0.25,-0.028676725,-0.1331520636,0.7633541667
tcga-4x4,id,Midnight-12k,tile,True,False,0.396250025,0.25,-0.0154731157,-0.0373529576,0.8728125
tcga-4x4,ood,Midnight-12k,tile,True,False,0.396250025,0.25,0.0383260341,0.062830033,0.755
tcga-4x4,id,Prost40M,tile,True,False,-0.0104311652,0.25,-0.1429198007,-0.4420382166,0.6315972222
tcga-4x4,ood,Prost40M,tile,True,False,-0.0104311652,0.25,-0.2282081262,-0.6777085757,0.5543958333
tcga-4x4,id,Phikon,tile,True,False,0.0363413503,0.25,-0.0818747115,-0.3092870059,0.7876388889
tcga-4x4,ood,Phikon,tile,True,False,0.0363413503,0.25,-0.100059289,-0.3669535139,0.743875
tcga-4x4,id,Phikon-v2,tile,True,False,0.028642162,0.25,-0.0685205995,-0.3003643591,0.7741319444
tcga-4x4,ood,Phikon-v2,tile,True,False,0.028642162,0.25,-0.0637784394,-0.2822839088,0.7115625
tcga-4x4,id,Hibou-L,tile,True,False,0.0388565595,0.25,-0.0619291129,-0.2904872074,0.7602777778
tcga-4x4,ood,Hibou-L,tile,True,False,0.0388565595,0.25,-0.0381536765,-0.1792697699,0.7315833333
tcga-4x4,id,Hibou-B,tile,True,False,0.0363116004,0.25,-0.0475818417,-0.2200438717,0.7565277778
tcga-4x4,ood,Hibou-B,tile,True,False,0.0363116004,0.25,-0.0136569749,-0.1641333211,0.7050416667
tcga-4x4,id,mSTAR,tile,True,False,0.061026778,0.25,-0.0233697577,-0.0833691977,0.8147569444
tcga-4x4,ood,mSTAR,tile,True,False,0.061026778,0.25,-0.0239917339,-0.0917017324,0.7995625
tcga-4x4,id,GPFM,tile,True,False,0.0476814421,0.25,-0.0487064982,-0.2010117828,0.7922222222
tcga-4x4,ood,GPFM,tile,True,False,0.0476814421,0.25,-0.0599909872,-0.2181487904,0.754625
tcga-4x4,id,MUSK,tile,True,False,0.0510411633,0.25,-0.0283236306,-0.1368691189,0.6964930556
tcga-4x4,ood,MUSK,tile,True,False,0.0510411633,0.25,-0.0526716474,-0.2010010117,0.6412708333
tcga-4x4,id,GenBio-PathFM,tile,True,False,0.1553027763,0.25,-0.0028555891,-0.0215542695,0.8379861111
tcga-4x4,ood,GenBio-PathFM,tile,True,False,0.1553027763,0.25,0.0214223906,0.0176326877,0.8383958333
tcga-4x4,id,RudolfV-2,tile,True,False,0.168453855,0.25,-0.0039009804,-0.0074882452,0.8481597222
tcga-4x4,ood,RudolfV-2,tile,True,False,0.168453855,0.25,0.009239691,-0.0060343887,0.8231041667
tcga-4x4,id,RudolfV-2-B,tile,True,False,0.1687335023,0.25,-0.0044916737,-0.0108721342,0.8376388889
tcga-4x4,ood,RudolfV-2-B,tile,True,False,0.1687335023,0.25,0.0106640805,-0.0036137026,0.8149791667
tcga-4x4,id,RudolfV-2-S,tile,True,False,0.1920357449,0.25,-0.0027440427,-0.0110042093,0.8274305556
tcga-4x4,ood,RudolfV-2-S,tile,True,False,0.1920357449,0.25,0.0091211241,-0.0042250888,0.8071875
tcga-4x4,id,Mascaret,tile,True,False,0.2700971715,0.25,-0.0040130452,-0.0164983165,0.86875
tcga-4x4,ood,Mascaret,tile,True,False,0.2700971715,0.25,0.009849455,0.0278031493,0.8202291667
tcga-4x4,id,Phaet,tile,True,False,0.0810527018,0.25,-0.0136535892,-0.0458599574,0.7716666667
tcga-4x4,ood,Phaet,tile,True,False,0.0810527018,0.25,-0.0288497616,-0.0764429279,0.7506458333
tcga-4x4,id,DINOv2-B,tile,False,True,0.0138506457,0.25,-0.0416869686,-0.2163015402,0.6129513889
tcga-4x4,ood,DINOv2-B,tile,False,True,0.0138506457,0.25,-0.1012771218,-0.343945787,0.575875
tolkach-esca,id,Virchow2,tile,True,False,0.3505309726,0.1666666667,-0.0023365876,-0.0024470444,0.9839791667
tolkach-esca,ood,Virchow2,tile,True,False,0.3505309726,0.1666666667,0.0007530043,0.0019805044,0.9745416667
tolkach-esca,id,Virchow,tile,True,False,0.370720745,0.1666666667,-0.0045616292,-0.0099807074,0.9765625
tolkach-esca,ood,Virchow,tile,True,False,0.370720745,0.1666666667,-0.0020398393,-0.0036633849,0.9673833333
tolkach-esca,id,UNI2-h,tile,True,False,0.220949506,0.1666666667,-0.0075079349,-0.0195352929,0.9718333333
tolkach-esca,ood,UNI2-h,tile,True,False,0.220949506,0.1666666667,-0.0017514797,-0.0037997619,0.9715416667
tolkach-esca,id,UNI,tile,True,False,0.1745558512,0.1666666667,-0.0111640496,-0.0531519762,0.9799791667
tolkach-esca,ood,UNI,tile,True,False,0.1745558512,0.1666666667,-0.0014738215,-0.0106947421,0.9676833333
tolkach-esca,id,CONCHv1.5,tile,True,False,0.391814614,0.1666666667,-0.0014688273,-0.0061768278,0.9727708333
tolkach-esca,ood,CONCHv1.5,tile,True,False,0.391814614,0.1666666667,0.0014987161,-0.0001257664,0.9617916667
tolkach-esca,id,CONCH,tile,True,False,0.4390514661,0.1666666667,-0.0001378158,-0.0024290033,0.9728958333
tolkach-esca,ood,CONCH,tile,True,False,0.4390514661,0.1666666667,-0.000209041,0.0010661092,0.9639583333
tolkach-esca,id,H-optimus-1,tile,True,False,0.260355027,0.1666666667,-0.001715111,-0.0098264256,0.9744375
tolkach-esca,ood,H-optimus-1,tile,True,False,0.260355027,0.1666666667,-0.0006159101,-0.0029708607,0.9717083333
tolkach-esca,id,H-optimus-0,tile,True,False,0.2412609135,0.1666666667,-0.0054928012,-0.025564143,0.9726458333
tolkach-esca,ood,H-optimus-0,tile,True,False,0.2412609135,0.1666666667,-0.0003476242,-0.0059026583,0.9657416667
tolkach-esca,id,H0-mini,tile,True,False,0.3795949525,0.1666666667,-0.0022957198,-0.0039169909,0.9697916667
tolkach-esca,ood,H0-mini,tile,True,False,0.3795949525,0.1666666667,-0.0028150278,-0.0034905651,0.9664416667
tolkach-esca,id,Prov-GigaPath,tile,True,False,0.1399603804,0.1666666667,-0.0367458168,-0.1875650906,0.9668333333
tolkach-esca,ood,Prov-GigaPath,tile,True,False,0.1399603804,0.1666666667,-0.005648093,-0.0313581564,0.9636416667
tolkach-esca,id,Midnight-12k,tile,True,False,0.584275795,0.1666666667,0.0016087267,-0.0019098253,0.9738958333
tolkach-esca,ood,Midnight-12k,tile,True,False,0.584275795,0.1666666667,0.0037566419,0.0019182852,0.9659916667
tolkach-esca,id,Prost40M,tile,True,False,0.1270583047,0.1666666667,-0.0486046596,-0.1835346194,0.929125
tolkach-esca,ood,Prost40M,tile,True,False,0.1270583047,0.1666666667,-0.0276699743,-0.0956780595,0.9225
tolkach-esca,id,Phikon,tile,True,False,0.1746243523,0.1666666667,-0.023685326,-0.1160563673,0.9694375
tolkach-esca,ood,Phikon,tile,True,False,0.1746243523,0.1666666667,-0.006249693,-0.0407396493,0.9584833333
tolkach-esca,id,Phikon-v2,tile,True,False,0.1221239759,0.1666666667,-0.0413672474,-0.1936100915,0.972625
tolkach-esca,ood,Phikon-v2,tile,True,False,0.1221239759,0.1666666667,-0.012941197,-0.06761465,0.96075
tolkach-esca,id,Hibou-L,tile,True,False,0.1112681424,0.1666666667,-0.0388495773,-0.2153814369,0.973375
tolkach-esca,ood,Hibou-L,tile,True,False,0.1112681424,0.1666666667,-0.0121936345,-0.0813582712,0.9637583333
tolkach-esca,id,Hibou-B,tile,True,False,0.1341257154,0.1666666667,-0.024349894,-0.1436178462,0.972625
tolkach-esca,ood,Hibou-B,tile,True,False,0.1341257154,0.1666666667,-0.0002924496,-0.0193016722,0.964525
tolkach-esca,id,mSTAR,tile,True,False,0.1836278045,0.1666666667,-0.0102365029,-0.0502985113,0.9797291667
tolkach-esca,ood,mSTAR,tile,True,False,0.1836278045,0.1666666667,-6.07165e-05,-0.007587822,0.9672916667
tolkach-esca,id,GPFM,tile,True,False,0.2028756796,0.1666666667,-0.0222250618,-0.1063122924,0.981875
tolkach-esca,ood,GPFM,tile,True,False,0.2028756796,0.1666666667,-0.0024973794,-0.0190661641,0.96695
tolkach-esca,id,MUSK,tile,True,False,0.2931610889,0.1666666667,-0.0013567051,-0.0057995891,0.9677291667
tolkach-esca,ood,MUSK,tile,True,False,0.2931610889,0.1666666667,-0.000122754,-0.0043139277,0.958675
tolkach-esca,id,GenBio-PathFM,tile,True,False,0.3900477547,0.1666666667,0.0034400704,0.0053282293,0.972125
tolkach-esca,ood,GenBio-PathFM,tile,True,False,0.3900477547,0.1666666667,0.0002264,-0.0009643602,0.9703083333
tolkach-esca,id,RudolfV-2,tile,True,False,0.4120899167,0.1666666667,0.0002465672,0.0038260426,0.9834375
tolkach-esca,ood,RudolfV-2,tile,True,False,0.4120899167,0.1666666667,-0.0003682747,0.0018998844,0.9737333333
tolkach-esca,id,RudolfV-2-B,tile,True,False,0.4070324564,0.1666666667,0.0004188356,0.0027181578,0.9791041667
tolkach-esca,ood,RudolfV-2-B,tile,True,False,0.4070324564,0.1666666667,-3.95924e-05,0.0004441231,0.9735
tolkach-esca,id,RudolfV-2-S,tile,True,False,0.4854884779,0.1666666667,0.0056279062,0.0107067483,0.976125
tolkach-esca,ood,RudolfV-2-S,tile,True,False,0.4854884779,0.1666666667,0.0017097028,0.0037924317,0.9709
tolkach-esca,id,Mascaret,tile,True,False,0.5072941189,0.1666666667,0.0057830061,0.0112220416,0.9742291667
tolkach-esca,ood,Mascaret,tile,True,False,0.5072941189,0.1666666667,0.0008567156,0.0019211199,0.96915
tolkach-esca,id,Phaet,tile,True,False,0.2492292576,0.1666666667,-0.0026464683,-0.015565927,0.9656875
tolkach-esca,ood,Phaet,tile,True,False,0.2492292576,0.1666666667,-0.0003438126,-0.0056413333,0.9584416667
tolkach-esca,id,DINOv2-B,tile,False,True,0.151742784,0.1666666667,-0.0098680921,-0.0358633103,0.9305625
tolkach-esca,ood,DINOv2-B,tile,False,True,0.151742784,0.1666666667,-0.0106931375,-0.0438724156,0.9167583333
pcabiop,id,PRISM,slide,True,False,0.2568834283,0.5,-0.0784966698,-0.2930542341,0.9530172414
pcabiop,ood,PRISM,slide,True,False,0.2568834283,0.5,-0.0830436391,-0.3043639053,0.9172839506
pcabiop,id,PRISM2,slide,True,False,0.2703892777,0.5,-0.0318096136,-0.2158341188,0.9573275862
pcabiop,ood,PRISM2,slide,True,False,0.2703892777,0.5,-0.0111342352,-0.0395421436,0.9449074074
pcabiop,id,TITAN,slide,True,False,-0.2951335156,0.5,-0.1885983264,-0.8033472803,0.9120689655
pcabiop,ood,TITAN,slide,True,False,-0.2951335156,0.5,-0.1257714037,-0.9308996089,0.8550925926
pcabiop,id,Prov-GigaPath,slide,True,False,-0.4127289442,0.5,-0.2445156695,-0.9700854701,0.8025862069
pcabiop,ood,Prov-GigaPath,slide,True,False,-0.4127289442,0.5,-0.1072347267,-1.1607717042,0.5479938272
pcabiop,id,MOOZY,slide,True,False,-0.0163972205,0.5,-0.0650507849,-0.3130193906,0.9668103448
pcabiop,ood,MOOZY,slide,True,False,-0.0163972205,0.5,0.0478434505,-0.7587859425,0.7898148148
