model,is_control,exposed,bio_bacc,conf_bacc,ri,mari,croma,croma_f0,croma_ltm10,support
Midnight-12k,False,True,0.883507,0.538194,0.898515,0.93637,0.39625,0.140104,-0.209537,0.994792
Mascaret,False,True,0.877083,0.429167,0.908295,0.932,0.270097,0.11875,-0.108882,1.0
RudolfV-2-S,False,False,0.848611,0.542188,0.822154,0.845287,0.192036,0.18941,-0.162947,1.0
RudolfV-2-B,False,False,0.866146,0.564583,0.82333,0.842619,0.168734,0.188021,-0.136771,1.0
RudolfV-2,False,False,0.876042,0.561979,0.833822,0.849951,0.168454,0.176562,-0.124499,1.0
GenBio-PathFM,False,True,0.853125,0.689757,0.760654,0.783757,0.155303,0.242014,-0.193056,1.0
CONCHv1.5,False,False,0.808854,0.482465,0.828158,0.851768,0.153,0.193056,-0.130181,0.999826
CONCH,False,False,0.789931,0.479861,0.80143,0.82517,0.146449,0.215799,-0.152306,1.0
Virchow2,False,False,0.826389,0.588368,0.771834,0.796381,0.127733,0.23941,-0.16983,1.0
H0-mini,False,True,0.821181,0.617361,0.737208,0.754595,0.121174,0.256597,-0.187502,0.999479
Mettle,False,False,0.852951,0.506076,0.817557,0.826371,0.113936,0.193229,-0.11208,1.0
H-optimus-1,False,False,0.88316,0.661458,0.788262,0.799489,0.096174,0.209896,-0.103717,0.998785
Virchow,False,False,0.788021,0.650347,0.698789,0.707454,0.091945,0.301042,-0.18028,1.0
Phaet,False,True,0.786111,0.566146,0.760901,0.767739,0.081053,0.253819,-0.109854,1.0
UNI2-h,False,False,0.846528,0.736979,0.71352,0.726518,0.074676,0.264583,-0.122791,0.995833
mSTAR,False,True,0.822049,0.71875,0.694719,0.703386,0.061027,0.29809,-0.126419,1.0
H-optimus-0,False,False,0.851215,0.684375,0.719907,0.724841,0.06091,0.273611,-0.111961,0.999826
MUSK,False,True,0.722917,0.588021,0.673219,0.67952,0.051041,0.331944,-0.139797,1.0
GPFM,False,True,0.805903,0.75816,0.625729,0.63018,0.047681,0.349479,-0.159298,0.999132
UNI,False,False,0.808854,0.707639,0.673721,0.678785,0.047437,0.319618,-0.120443,1.0
Prov-GigaPath,False,False,0.82934,0.685764,0.668034,0.663716,0.047239,0.325347,-0.148168,0.999826
Hibou-L,False,False,0.759896,0.734896,0.578694,0.542524,0.038857,0.404688,-0.252461,0.999132
Phikon,False,True,0.794444,0.787326,0.579569,0.579348,0.036341,0.396181,-0.199564,0.996528
Hibou-B,False,False,0.770486,0.716319,0.602094,0.592522,0.036312,0.386979,-0.176935,0.999653
Phikon-v2,False,True,0.787153,0.779861,0.55264,0.547077,0.028642,0.409028,-0.187347,0.996701
DINOv2-B,True,False,0.604167,0.522743,0.571618,0.548218,0.013851,0.418576,-0.109283,1.0
Prost40M,False,True,0.63316,0.711806,0.466015,0.461171,-0.010431,0.527778,-0.249573,1.0
