model,is_control,bio_bacc,conf_bacc,ri,mari,croma,croma_f0,croma_ltm10,support
Midnight-12k,False,0.975,0.677444,0.943886,0.943376,0.584276,0.051111,-0.082797,0.996444
Mascaret,False,0.976444,0.395333,0.971719,0.973287,0.507294,0.029778,0.009418,1.0
RudolfV-2-S,False,0.983889,0.543333,0.967774,0.975479,0.485488,0.031889,-0.002917,0.998778
CONCH,False,0.971778,0.590556,0.951573,0.957597,0.439051,0.045111,-0.041023,0.998889
RudolfV-2,False,0.986111,0.569222,0.966202,0.969516,0.41209,0.031556,-0.010655,0.996889
RudolfV-2-B,False,0.984333,0.604333,0.960422,0.969441,0.407032,0.036111,-0.02373,0.994
CONCHv1.5,False,0.972111,0.588667,0.951884,0.964586,0.391815,0.042778,-0.028501,0.999667
GenBio-PathFM,False,0.980778,0.526556,0.960588,0.965145,0.390048,0.038444,-0.021756,0.999333
H0-mini,False,0.966889,0.585333,0.935374,0.946696,0.379595,0.057556,-0.07355,0.998889
Virchow,False,0.970333,0.647333,0.936419,0.944221,0.370721,0.052889,-0.054748,0.998556
Virchow2,False,0.977778,0.529889,0.954002,0.957105,0.350531,0.04,-0.036617,0.997889
MUSK,False,0.967889,0.685,0.924558,0.932434,0.293161,0.063111,-0.066361,0.995222
H-optimus-1,False,0.978333,0.645111,0.937457,0.944819,0.260355,0.051333,-0.046639,0.991889
Phaet,False,0.965778,0.592111,0.934799,0.945932,0.249229,0.049778,-0.030056,1.0
H-optimus-0,False,0.971333,0.684,0.911536,0.917741,0.241261,0.075333,-0.080498,0.991889
UNI2-h,False,0.976111,0.724111,0.916066,0.928333,0.22095,0.063778,-0.063268,0.986889
GPFM,False,0.969222,0.866444,0.827654,0.851585,0.202876,0.136111,-0.131429,0.921222
mSTAR,False,0.971444,0.822444,0.875274,0.886288,0.183628,0.086778,-0.089767,0.964222
Phikon,False,0.961444,0.871222,0.778155,0.788617,0.174624,0.178556,-0.188369,0.851222
UNI,False,0.972889,0.812889,0.881911,0.893937,0.174556,0.085889,-0.080223,0.968222
DINOv2-B,True,0.884667,0.464333,0.865396,0.858251,0.151743,0.109111,-0.072711,1.0
Prov-GigaPath,False,0.959444,0.894111,0.742922,0.786824,0.13996,0.213556,-0.155378,0.882556
Hibou-B,False,0.966,0.898889,0.777368,0.779225,0.134126,0.187889,-0.167094,0.891667
Prost40M,False,0.911222,0.796333,0.703926,0.722962,0.127058,0.277333,-0.235808,0.973444
Phikon-v2,False,0.957889,0.865667,0.744773,0.750802,0.122124,0.225111,-0.174779,0.865889
Hibou-L,False,0.955667,0.938111,0.634251,0.600546,0.111268,0.315111,-0.290808,0.710778
